{
  "IsCloudStoreUrl": true,
  "StoreUrl": "https://platform.uipath.com/desafiosrpa/AlexServico/dataservice_/entities",
  "TenantName": "AlexServico",
  "Namespace": "Robo_data_services",
  "SelectedEntitiesNames": [
    "Clientes"
  ],
  "Entities": [
    {
      "Id": "4230f484-692a-eb11-9fb4-000d3a22a01c",
      "Name": "Clientes",
      "DisplayName": "Clientes",
      "Description": "",
      "CreateTime": "2020-11-19T13:17:06.55Z",
      "UpdateTime": "2020-11-19T13:19:48.227Z",
      "Fields": [
        {
          "Id": "4530f484-692a-eb11-9fb4-000d3a22a01c",
          "Name": "CreatedBy",
          "DisplayName": "CreatedBy",
          "Description": "System built-in field",
          "CreateTime": "2020-11-19T13:17:06.56Z",
          "UpdateTime": "2020-11-19T13:17:06.56Z",
          "SqlType": {
            "Name": "UNIQUEIDENTIFIER",
            "LengthLimit": null,
            "MaxValue": null,
            "MinValue": null,
            "DecimalPrecision": null
          },
          "IsSystemField": true,
          "IsRequired": true,
          "ReferenceEntity": null,
          "ReferenceType": "ManyToOne",
          "FieldDisplayType": "Basic",
          "ReferenceChoiceSet": null,
          "IsAttachment": false
        },
        {
          "Id": "4430f484-692a-eb11-9fb4-000d3a22a01c",
          "Name": "CreateTime",
          "DisplayName": "CreateTime",
          "Description": "System built-in field",
          "CreateTime": "2020-11-19T13:17:06.56Z",
          "UpdateTime": "2020-11-19T13:17:06.56Z",
          "SqlType": {
            "Name": "DATETIMEOFFSET",
            "LengthLimit": null,
            "MaxValue": null,
            "MinValue": null,
            "DecimalPrecision": null
          },
          "IsSystemField": true,
          "IsRequired": true,
          "ReferenceEntity": null,
          "ReferenceType": "ManyToOne",
          "FieldDisplayType": "Basic",
          "ReferenceChoiceSet": null,
          "IsAttachment": false
        },
        {
          "Id": "d6af53e5-692a-eb11-9fb4-000d3a22a01c",
          "Name": "Endereco",
          "DisplayName": "Endereço",
          "Description": "",
          "CreateTime": "2020-11-19T13:19:48.227Z",
          "UpdateTime": "2020-11-19T13:19:48.227Z",
          "SqlType": {
            "Name": "NVARCHAR",
            "LengthLimit": 200,
            "MaxValue": null,
            "MinValue": null,
            "DecimalPrecision": null
          },
          "IsSystemField": false,
          "IsRequired": true,
          "ReferenceEntity": null,
          "ReferenceType": "ManyToOne",
          "FieldDisplayType": "Basic",
          "ReferenceChoiceSet": null,
          "IsAttachment": false
        },
        {
          "Id": "4330f484-692a-eb11-9fb4-000d3a22a01c",
          "Name": "Id",
          "DisplayName": "Id",
          "Description": "System built-in field",
          "CreateTime": "2020-11-19T13:17:06.56Z",
          "UpdateTime": "2020-11-19T13:17:06.56Z",
          "SqlType": {
            "Name": "UNIQUEIDENTIFIER",
            "LengthLimit": null,
            "MaxValue": null,
            "MinValue": null,
            "DecimalPrecision": null
          },
          "IsSystemField": true,
          "IsRequired": true,
          "ReferenceEntity": null,
          "ReferenceType": "ManyToOne",
          "FieldDisplayType": "Basic",
          "ReferenceChoiceSet": null,
          "IsAttachment": false
        },
        {
          "Id": "f6d4cdc7-692a-eb11-9fb4-000d3a22a01c",
          "Name": "Nome",
          "DisplayName": "Nome",
          "Description": "Registrar o nome completo do cliente",
          "CreateTime": "2020-11-19T13:18:58.697Z",
          "UpdateTime": "2020-11-19T13:18:58.697Z",
          "SqlType": {
            "Name": "NVARCHAR",
            "LengthLimit": 200,
            "MaxValue": null,
            "MinValue": null,
            "DecimalPrecision": null
          },
          "IsSystemField": false,
          "IsRequired": true,
          "ReferenceEntity": null,
          "ReferenceType": "ManyToOne",
          "FieldDisplayType": "Basic",
          "ReferenceChoiceSet": null,
          "IsAttachment": false
        },
        {
          "Id": "4730f484-692a-eb11-9fb4-000d3a22a01c",
          "Name": "UpdatedBy",
          "DisplayName": "UpdatedBy",
          "Description": "System built-in field",
          "CreateTime": "2020-11-19T13:17:06.56Z",
          "UpdateTime": "2020-11-19T13:17:06.56Z",
          "SqlType": {
            "Name": "UNIQUEIDENTIFIER",
            "LengthLimit": null,
            "MaxValue": null,
            "MinValue": null,
            "DecimalPrecision": null
          },
          "IsSystemField": true,
          "IsRequired": false,
          "ReferenceEntity": null,
          "ReferenceType": "ManyToOne",
          "FieldDisplayType": "Basic",
          "ReferenceChoiceSet": null,
          "IsAttachment": false
        },
        {
          "Id": "4630f484-692a-eb11-9fb4-000d3a22a01c",
          "Name": "UpdateTime",
          "DisplayName": "UpdateTime",
          "Description": "System built-in field",
          "CreateTime": "2020-11-19T13:17:06.56Z",
          "UpdateTime": "2020-11-19T13:17:06.56Z",
          "SqlType": {
            "Name": "DATETIMEOFFSET",
            "LengthLimit": null,
            "MaxValue": null,
            "MinValue": null,
            "DecimalPrecision": null
          },
          "IsSystemField": true,
          "IsRequired": false,
          "ReferenceEntity": null,
          "ReferenceType": "ManyToOne",
          "FieldDisplayType": "Basic",
          "ReferenceChoiceSet": null,
          "IsAttachment": false
        }
      ],
      "RecordCount": 1,
      "EntityType": "Entity"
    }
  ],
  "EntitiesJson": "{\"entities\":[{\"name\":\"Clientes\",\"displayName\":\"Clientes\",\"entityTypeId\":0,\"entityType\":\"Entity\",\"description\":\"\",\"fields\":[{\"id\":\"4530f484-692a-eb11-9fb4-000d3a22a01c\",\"name\":\"CreatedBy\",\"isPrimaryKey\":false,\"isForeignKey\":false,\"isUnique\":false,\"referenceType\":\"ManyToOne\",\"sqlType\":{\"name\":\"UNIQUEIDENTIFIER\"},\"isRequired\":true,\"displayName\":\"CreatedBy\",\"description\":\"System built-in field\",\"createTime\":\"2020-11-19T13:17:06.56Z\",\"createdBy\":\"f2142035-0dbc-477b-8bdc-d77c4e2e9fd0\",\"updateTime\":\"2020-11-19T13:17:06.56Z\",\"isSystemField\":true,\"fieldDisplayType\":\"Basic\",\"choiceSetId\":\"00000000-0000-0000-0000-000000000000\",\"isAttachment\":false,\"isRbacEnabled\":false},{\"id\":\"4430f484-692a-eb11-9fb4-000d3a22a01c\",\"name\":\"CreateTime\",\"isPrimaryKey\":false,\"isForeignKey\":false,\"isUnique\":false,\"referenceType\":\"ManyToOne\",\"sqlType\":{\"name\":\"DATETIMEOFFSET\"},\"isRequired\":true,\"displayName\":\"CreateTime\",\"description\":\"System built-in field\",\"createTime\":\"2020-11-19T13:17:06.56Z\",\"createdBy\":\"f2142035-0dbc-477b-8bdc-d77c4e2e9fd0\",\"updateTime\":\"2020-11-19T13:17:06.56Z\",\"isSystemField\":true,\"fieldDisplayType\":\"Basic\",\"choiceSetId\":\"00000000-0000-0000-0000-000000000000\",\"isAttachment\":false,\"isRbacEnabled\":false},{\"id\":\"d6af53e5-692a-eb11-9fb4-000d3a22a01c\",\"name\":\"Endereco\",\"isPrimaryKey\":false,\"isForeignKey\":false,\"isUnique\":false,\"referenceType\":\"ManyToOne\",\"sqlType\":{\"name\":\"NVARCHAR\",\"lengthLimit\":200},\"isRequired\":true,\"displayName\":\"Endereço\",\"description\":\"\",\"createTime\":\"2020-11-19T13:19:48.227Z\",\"createdBy\":\"f2142035-0dbc-477b-8bdc-d77c4e2e9fd0\",\"updateTime\":\"2020-11-19T13:19:48.227Z\",\"updatedBy\":\"f2142035-0dbc-477b-8bdc-d77c4e2e9fd0\",\"isSystemField\":false,\"fieldDisplayType\":\"Basic\",\"choiceSetId\":\"00000000-0000-0000-0000-000000000000\",\"isAttachment\":false,\"isRbacEnabled\":false},{\"id\":\"4330f484-692a-eb11-9fb4-000d3a22a01c\",\"name\":\"Id\",\"isPrimaryKey\":true,\"isForeignKey\":false,\"isUnique\":false,\"referenceType\":\"ManyToOne\",\"sqlType\":{\"name\":\"UNIQUEIDENTIFIER\"},\"isRequired\":true,\"displayName\":\"Id\",\"description\":\"System built-in field\",\"createTime\":\"2020-11-19T13:17:06.56Z\",\"createdBy\":\"f2142035-0dbc-477b-8bdc-d77c4e2e9fd0\",\"updateTime\":\"2020-11-19T13:17:06.56Z\",\"isSystemField\":true,\"fieldDisplayType\":\"Basic\",\"choiceSetId\":\"00000000-0000-0000-0000-000000000000\",\"isAttachment\":false,\"isRbacEnabled\":false},{\"id\":\"f6d4cdc7-692a-eb11-9fb4-000d3a22a01c\",\"name\":\"Nome\",\"isPrimaryKey\":false,\"isForeignKey\":false,\"isUnique\":false,\"referenceType\":\"ManyToOne\",\"sqlType\":{\"name\":\"NVARCHAR\",\"lengthLimit\":200},\"isRequired\":true,\"displayName\":\"Nome\",\"description\":\"Registrar o nome completo do cliente\",\"createTime\":\"2020-11-19T13:18:58.697Z\",\"createdBy\":\"f2142035-0dbc-477b-8bdc-d77c4e2e9fd0\",\"updateTime\":\"2020-11-19T13:18:58.697Z\",\"updatedBy\":\"f2142035-0dbc-477b-8bdc-d77c4e2e9fd0\",\"isSystemField\":false,\"fieldDisplayType\":\"Basic\",\"choiceSetId\":\"00000000-0000-0000-0000-000000000000\",\"isAttachment\":false,\"isRbacEnabled\":false},{\"id\":\"4730f484-692a-eb11-9fb4-000d3a22a01c\",\"name\":\"UpdatedBy\",\"isPrimaryKey\":false,\"isForeignKey\":false,\"isUnique\":false,\"referenceType\":\"ManyToOne\",\"sqlType\":{\"name\":\"UNIQUEIDENTIFIER\"},\"isRequired\":false,\"displayName\":\"UpdatedBy\",\"description\":\"System built-in field\",\"createTime\":\"2020-11-19T13:17:06.56Z\",\"createdBy\":\"f2142035-0dbc-477b-8bdc-d77c4e2e9fd0\",\"updateTime\":\"2020-11-19T13:17:06.56Z\",\"isSystemField\":true,\"fieldDisplayType\":\"Basic\",\"choiceSetId\":\"00000000-0000-0000-0000-000000000000\",\"isAttachment\":false,\"isRbacEnabled\":false},{\"id\":\"4630f484-692a-eb11-9fb4-000d3a22a01c\",\"name\":\"UpdateTime\",\"isPrimaryKey\":false,\"isForeignKey\":false,\"isUnique\":false,\"referenceType\":\"ManyToOne\",\"sqlType\":{\"name\":\"DATETIMEOFFSET\"},\"isRequired\":false,\"displayName\":\"UpdateTime\",\"description\":\"System built-in field\",\"createTime\":\"2020-11-19T13:17:06.56Z\",\"createdBy\":\"f2142035-0dbc-477b-8bdc-d77c4e2e9fd0\",\"updateTime\":\"2020-11-19T13:17:06.56Z\",\"isSystemField\":true,\"fieldDisplayType\":\"Basic\",\"choiceSetId\":\"00000000-0000-0000-0000-000000000000\",\"isAttachment\":false,\"isRbacEnabled\":false}],\"recordCount\":1,\"storageSizeInMB\":0.070312,\"usedStorageSizeInMB\":0.015625,\"isRbacEnabled\":false,\"id\":\"4230f484-692a-eb11-9fb4-000d3a22a01c\",\"createdBy\":\"f2142035-0dbc-477b-8bdc-d77c4e2e9fd0\",\"createTime\":\"2020-11-19T13:17:06.55Z\",\"updateTime\":\"2020-11-19T13:19:48.227Z\",\"updatedBy\":\"f2142035-0dbc-477b-8bdc-d77c4e2e9fd0\"}],\"choicesets\":[]}"
}