{
  "Packages": [
    {
      "Package": {
        "Id": "UiPath.Activities.Api",
        "Version": "19.10.1"
      },
      "Assemblies": [
        "C:\\Users\\desaf\\.nuget\\packages\\uipath.activities.api/19.10.1\\lib/net452/UiPath.Activities.Api.Base.dll",
        "C:\\Users\\desaf\\.nuget\\packages\\uipath.activities.api/19.10.1\\lib/net452/UiPath.Api.Base.dll",
        "C:\\Users\\desaf\\.nuget\\packages\\uipath.activities.api/19.10.1\\lib/net452/UiPath.Robot.Activities.Api.dll",
        "C:\\Users\\desaf\\.nuget\\packages\\uipath.activities.api/19.10.1\\lib/net452/UiPath.Studio.Activities.Api.dll",
        "C:\\Users\\desaf\\.nuget\\packages\\uipath.activities.api/19.10.1\\lib/net452/UiPath.Studio.Api.Base.dll"
      ],
      "Path": "C:\\Users\\desaf\\.nuget\\packages\\uipath.activities.api\\19.10.1"
    },
    {
      "Package": {
        "Id": "UiPath.AmazonWebServices.Activities",
        "Version": "1.0.0"
      },
      "Assemblies": [
        "C:\\Users\\desaf\\.nuget\\packages\\amazon.extensions.configuration.systemsmanager/1.2.0\\lib/netstandard2.0/Amazon.Extensions.Configuration.SystemsManager.dll",
        "C:\\Users\\desaf\\.nuget\\packages\\awssdk.core/3.3.104.1\\lib/net45/AWSSDK.Core.dll",
        "C:\\Users\\desaf\\.nuget\\packages\\awssdk.ec2/3.3.142.1\\lib/net45/AWSSDK.EC2.dll",
        "C:\\Users\\desaf\\.nuget\\packages\\awssdk.extensions.netcore.setup/3.3.100.1\\lib/netstandard2.0/AWSSDK.Extensions.NETCore.Setup.dll",
        "C:\\Users\\desaf\\.nuget\\packages\\awssdk.s3/3.3.109.1\\lib/net45/AWSSDK.S3.dll",
        "C:\\Users\\desaf\\.nuget\\packages\\awssdk.simplesystemsmanagement/3.3.100.8\\lib/net45/AWSSDK.SimpleSystemsManagement.dll",
        "C:\\Users\\desaf\\.nuget\\packages\\microsoft.extensions.configuration/2.0.2\\lib/netstandard2.0/Microsoft.Extensions.Configuration.dll",
        "C:\\Users\\desaf\\.nuget\\packages\\microsoft.extensions.configuration.abstractions/2.0.2\\lib/netstandard2.0/Microsoft.Extensions.Configuration.Abstractions.dll",
        "C:\\Users\\desaf\\.nuget\\packages\\microsoft.extensions.dependencyinjection.abstractions/2.0.0\\lib/netstandard2.0/Microsoft.Extensions.DependencyInjection.Abstractions.dll",
        "C:\\Users\\desaf\\.nuget\\packages\\microsoft.extensions.logging.abstractions/2.0.0\\lib/netstandard2.0/Microsoft.Extensions.Logging.Abstractions.dll",
        "C:\\Users\\desaf\\.nuget\\packages\\microsoft.extensions.primitives/2.0.0\\lib/netstandard2.0/Microsoft.Extensions.Primitives.dll",
        "C:\\Users\\desaf\\.nuget\\packages\\newtonsoft.json/12.0.3\\lib/net45/Newtonsoft.Json.dll",
        "C:\\Users\\desaf\\.nuget\\packages\\polly/7.2.0\\lib/net461/Polly.dll",
        "C:\\Users\\desaf\\.nuget\\packages\\polly.contrib.waitandretry/1.0.0\\lib/netstandard2.0/Polly.Contrib.WaitAndRetry.dll",
        "C:\\Users\\desaf\\.nuget\\packages\\system.runtime.compilerservices.unsafe/4.4.0\\lib/netstandard2.0/System.Runtime.CompilerServices.Unsafe.dll",
        "C:\\Users\\desaf\\.nuget\\packages\\system.valuetuple/4.5.0\\lib/net461/System.ValueTuple.dll",
        "C:\\Users\\desaf\\.nuget\\packages\\uipath.amazonwebservices.activities/1.0.0\\lib/net461/UiPath.AmazonWebServices.Activities.Design.dll",
        "C:\\Users\\desaf\\.nuget\\packages\\uipath.amazonwebservices.activities/1.0.0\\lib/net461/UiPath.AmazonWebServices.Activities.dll",
        "C:\\Users\\desaf\\.nuget\\packages\\uipath.amazonwebservices.activities/1.0.0\\lib/net461/UiPath.AmazonWebServices.dll"
      ],
      "Path": "C:\\Users\\desaf\\.nuget\\packages\\uipath.amazonwebservices.activities\\1.0.0"
    },
    {
      "Package": {
        "Id": "UiPath.Excel.Activities",
        "Version": "2.7.2"
      },
      "Assemblies": [
        "C:\\Users\\desaf\\.nuget\\packages\\closedxml/0.87.1\\lib/net40/ClosedXML.dll",
        "C:\\Users\\desaf\\.nuget\\packages\\csvhelper/2.13.5\\lib/net40-client/CsvHelper.dll",
        "C:\\Users\\desaf\\.nuget\\packages\\documentformat.openxml/2.5.0\\lib/DocumentFormat.OpenXml.dll",
        "C:\\Users\\desaf\\.nuget\\packages\\microsoft.visualstudio.ole.interop/7.10.6071\\lib/Microsoft.VisualStudio.OLE.Interop.dll",
        "C:\\Users\\desaf\\.nuget\\packages\\npoi/2.4.1\\lib/net45/NPOI.dll",
        "C:\\Users\\desaf\\.nuget\\packages\\npoi/2.4.1\\lib/net45/NPOI.OOXML.dll",
        "C:\\Users\\desaf\\.nuget\\packages\\npoi/2.4.1\\lib/net45/NPOI.OpenXml4Net.dll",
        "C:\\Users\\desaf\\.nuget\\packages\\npoi/2.4.1\\lib/net45/NPOI.OpenXmlFormats.dll",
        "C:\\Users\\desaf\\.nuget\\packages\\sharpziplib/1.0.0\\lib/net45/ICSharpCode.SharpZipLib.dll",
        "C:\\Users\\desaf\\.nuget\\packages\\uipath.excel.activities/2.7.2\\lib/net461/UiPath.Excel.Activities.Design.dll",
        "C:\\Users\\desaf\\.nuget\\packages\\uipath.excel.activities/2.7.2\\lib/net461/UiPath.Excel.Activities.dll",
        "C:\\Users\\desaf\\.nuget\\packages\\uipath.excel.activities/2.7.2\\lib/net461/UiPath.Excel.dll"
      ],
      "Path": "C:\\Users\\desaf\\.nuget\\packages\\uipath.excel.activities\\2.7.2"
    },
    {
      "Package": {
        "Id": "UiPath.Mail.Activities",
        "Version": "1.7.2"
      },
      "Assemblies": [
        "C:\\Users\\desaf\\.nuget\\packages\\bouncycastle/1.8.5\\lib/BouncyCastle.Crypto.dll",
        "C:\\Users\\desaf\\.nuget\\packages\\interop.domino.dll/1.0.0\\lib/Interop.Domino.dll",
        "C:\\Users\\desaf\\.nuget\\packages\\microsoft.exchange.webservices/2.2.0\\lib/40/Microsoft.Exchange.WebServices.Auth.dll",
        "C:\\Users\\desaf\\.nuget\\packages\\microsoft.exchange.webservices/2.2.0\\lib/40/Microsoft.Exchange.WebServices.dll",
        "C:\\Users\\desaf\\.nuget\\packages\\system.valuetuple/4.5.0\\lib/net461/System.ValueTuple.dll",
        "C:\\Users\\desaf\\.nuget\\packages\\uipath.mail.activities/1.7.2\\lib/net461/MailKit.dll",
        "C:\\Users\\desaf\\.nuget\\packages\\uipath.mail.activities/1.7.2\\lib/net461/MimeKit.dll",
        "C:\\Users\\desaf\\.nuget\\packages\\uipath.mail.activities/1.7.2\\lib/net461/UiPath.Mail.Activities.Design.dll",
        "C:\\Users\\desaf\\.nuget\\packages\\uipath.mail.activities/1.7.2\\lib/net461/UiPath.Mail.Activities.dll",
        "C:\\Users\\desaf\\.nuget\\packages\\uipath.mail.activities/1.7.2\\lib/net461/UiPath.Mail.dll"
      ],
      "Path": "C:\\Users\\desaf\\.nuget\\packages\\uipath.mail.activities\\1.7.2"
    },
    {
      "Package": {
        "Id": "UiPath.System.Activities",
        "Version": "19.10.1"
      },
      "Assemblies": [
        "C:\\Users\\desaf\\.nuget\\packages\\csvhelper/2.13.5\\lib/net40-client/CsvHelper.dll",
        "C:\\Users\\desaf\\.nuget\\packages\\microsoft.aspnet.signalr.client/2.4.0\\lib/net45/Microsoft.AspNet.SignalR.Client.dll",
        "C:\\Users\\desaf\\.nuget\\packages\\microsoft.rest.clientruntime/2.3.20\\lib/net461/Microsoft.Rest.ClientRuntime.dll",
        "C:\\Users\\desaf\\.nuget\\packages\\newtonsoft.json/12.0.3\\lib/net45/Newtonsoft.Json.dll",
        "C:\\Users\\desaf\\.nuget\\packages\\uipath.system.activities/19.10.1\\lib/net461/ActiproSoftware.Docking.Wpf.dll",
        "C:\\Users\\desaf\\.nuget\\packages\\uipath.system.activities/19.10.1\\lib/net461/ActiproSoftware.Ribbon.Wpf.dll",
        "C:\\Users\\desaf\\.nuget\\packages\\uipath.system.activities/19.10.1\\lib/net461/ActiproSoftware.Shared.Wpf.dll",
        "C:\\Users\\desaf\\.nuget\\packages\\uipath.system.activities/19.10.1\\lib/net461/ActiproSoftware.SyntaxEditor.Addons.DotNet.Wpf.dll",
        "C:\\Users\\desaf\\.nuget\\packages\\uipath.system.activities/19.10.1\\lib/net461/ActiproSoftware.SyntaxEditor.Wpf.dll",
        "C:\\Users\\desaf\\.nuget\\packages\\uipath.system.activities/19.10.1\\lib/net461/ActiproSoftware.Text.Addons.DotNet.Wpf.dll",
        "C:\\Users\\desaf\\.nuget\\packages\\uipath.system.activities/19.10.1\\lib/net461/ActiproSoftware.Text.LLParser.Wpf.dll",
        "C:\\Users\\desaf\\.nuget\\packages\\uipath.system.activities/19.10.1\\lib/net461/ActiproSoftware.Text.Wpf.dll",
        "C:\\Users\\desaf\\.nuget\\packages\\uipath.system.activities/19.10.1\\lib/net461/ActiproSoftware.Wizard.Wpf.dll",
        "C:\\Users\\desaf\\.nuget\\packages\\uipath.system.activities/19.10.1\\lib/net461/UiPath.OrchestratorClient.dll",
        "C:\\Users\\desaf\\.nuget\\packages\\uipath.system.activities/19.10.1\\lib/net461/UiPath.System.Activities.Design.dll",
        "C:\\Users\\desaf\\.nuget\\packages\\uipath.system.activities/19.10.1\\lib/net461/UiPath.System.Activities.dll"
      ],
      "Path": "C:\\Users\\desaf\\.nuget\\packages\\uipath.system.activities\\19.10.1"
    },
    {
      "Package": {
        "Id": "UiPath.UIAutomation.Activities",
        "Version": "19.11.1"
      },
      "Assemblies": [
        "C:\\Users\\desaf\\.nuget\\packages\\avalonedit/5.0.3\\lib/Net40/ICSharpCode.AvalonEdit.dll",
        "C:\\Users\\desaf\\.nuget\\packages\\extended.wpf.toolkit/2.8.0\\lib/net40/Xceed.Wpf.AvalonDock.dll",
        "C:\\Users\\desaf\\.nuget\\packages\\extended.wpf.toolkit/2.8.0\\lib/net40/Xceed.Wpf.AvalonDock.Themes.Aero.dll",
        "C:\\Users\\desaf\\.nuget\\packages\\extended.wpf.toolkit/2.8.0\\lib/net40/Xceed.Wpf.AvalonDock.Themes.Metro.dll",
        "C:\\Users\\desaf\\.nuget\\packages\\extended.wpf.toolkit/2.8.0\\lib/net40/Xceed.Wpf.AvalonDock.Themes.VS2010.dll",
        "C:\\Users\\desaf\\.nuget\\packages\\extended.wpf.toolkit/2.8.0\\lib/net40/Xceed.Wpf.DataGrid.dll",
        "C:\\Users\\desaf\\.nuget\\packages\\extended.wpf.toolkit/2.8.0\\lib/net40/Xceed.Wpf.Toolkit.dll",
        "C:\\Users\\desaf\\.nuget\\packages\\humanizer.core/2.4.2\\lib/netstandard2.0/Humanizer.dll",
        "C:\\Users\\desaf\\.nuget\\packages\\newtonsoft.json/12.0.3\\lib/net45/Newtonsoft.Json.dll",
        "C:\\Users\\desaf\\.nuget\\packages\\uipath/19.10.7312.25504\\lib/UiPath.Interop.dll",
        "C:\\Users\\desaf\\.nuget\\packages\\uipath.ocr.contracts/2.2.1\\lib/net45/UiPath.OCR.Contracts.dll",
        "C:\\Users\\desaf\\.nuget\\packages\\uipath.uiautomation.activities/19.11.1\\lib/net461/ActiproSoftware.DataGrid.Contrib.Wpf.dll",
        "C:\\Users\\desaf\\.nuget\\packages\\uipath.uiautomation.activities/19.11.1\\lib/net461/ActiproSoftware.Docking.Wpf.dll",
        "C:\\Users\\desaf\\.nuget\\packages\\uipath.uiautomation.activities/19.11.1\\lib/net461/ActiproSoftware.Editors.Wpf.dll",
        "C:\\Users\\desaf\\.nuget\\packages\\uipath.uiautomation.activities/19.11.1\\lib/net461/ActiproSoftware.Ribbon.Wpf.dll",
        "C:\\Users\\desaf\\.nuget\\packages\\uipath.uiautomation.activities/19.11.1\\lib/net461/ActiproSoftware.Shared.Wpf.dll",
        "C:\\Users\\desaf\\.nuget\\packages\\uipath.uiautomation.activities/19.11.1\\lib/net461/ActiproSoftware.SyntaxEditor.Addons.DotNet.Wpf.dll",
        "C:\\Users\\desaf\\.nuget\\packages\\uipath.uiautomation.activities/19.11.1\\lib/net461/ActiproSoftware.SyntaxEditor.Wpf.dll",
        "C:\\Users\\desaf\\.nuget\\packages\\uipath.uiautomation.activities/19.11.1\\lib/net461/ActiproSoftware.Text.Addons.DotNet.Wpf.dll",
        "C:\\Users\\desaf\\.nuget\\packages\\uipath.uiautomation.activities/19.11.1\\lib/net461/ActiproSoftware.Text.LLParser.Wpf.dll",
        "C:\\Users\\desaf\\.nuget\\packages\\uipath.uiautomation.activities/19.11.1\\lib/net461/ActiproSoftware.Text.Wpf.dll",
        "C:\\Users\\desaf\\.nuget\\packages\\uipath.uiautomation.activities/19.11.1\\lib/net461/ActiproSoftware.Wizard.Wpf.dll",
        "C:\\Users\\desaf\\.nuget\\packages\\uipath.uiautomation.activities/19.11.1\\lib/net461/UiPath.CV.Activities.Design.dll",
        "C:\\Users\\desaf\\.nuget\\packages\\uipath.uiautomation.activities/19.11.1\\lib/net461/UiPath.CV.Activities.dll",
        "C:\\Users\\desaf\\.nuget\\packages\\uipath.uiautomation.activities/19.11.1\\lib/net461/UiPath.CV.dll",
        "C:\\Users\\desaf\\.nuget\\packages\\uipath.uiautomation.activities/19.11.1\\lib/net461/UiPath.UIAutomation.Activities.Design.dll",
        "C:\\Users\\desaf\\.nuget\\packages\\uipath.uiautomation.activities/19.11.1\\lib/net461/UiPath.UiAutomation.Activities.dll",
        "C:\\Users\\desaf\\.nuget\\packages\\uipath.uiautomation.activities/19.11.1\\lib/net461/UiPath.Wizards.dll",
        "C:\\Users\\desaf\\.nuget\\packages\\uipath.vision/2.0.0\\lib/net452/UiPath.Vision.AzureComputerVision.dll",
        "C:\\Users\\desaf\\.nuget\\packages\\uipath.vision/2.0.0\\lib/net452/UiPath.Vision.Core.dll",
        "C:\\Users\\desaf\\.nuget\\packages\\uipath.vision/2.0.0\\lib/net452/UiPath.Vision.dll",
        "C:\\Users\\desaf\\.nuget\\packages\\uipath.vision/2.0.0\\lib/net452/UiPath.Vision.GoogleCloud.dll",
        "C:\\Users\\desaf\\.nuget\\packages\\uipath.vision/2.0.0\\lib/net452/UiPath.Vision.Microsoft.dll",
        "C:\\Users\\desaf\\.nuget\\packages\\uipath.vision/2.0.0\\lib/net452/UiPath.Vision.MicrosoftCloud.dll",
        "C:\\Users\\desaf\\.nuget\\packages\\uipath.vision/2.0.0\\lib/net452/UiPath.Vision.Tesseract.dll"
      ],
      "Path": "C:\\Users\\desaf\\.nuget\\packages\\uipath.uiautomation.activities\\19.11.1"
    },
    {
      "Package": {
        "Id": "UiPath.WebAPI.Activities",
        "Version": "1.4.5-beta.864518"
      },
      "Assemblies": [
        "C:\\Users\\desaf\\.nuget\\packages\\avalonedit/5.0.3\\lib/Net40/ICSharpCode.AvalonEdit.dll",
        "C:\\Users\\desaf\\.nuget\\packages\\newtonsoft.json/12.0.3\\lib/net45/Newtonsoft.Json.dll",
        "C:\\Users\\desaf\\.nuget\\packages\\restsharp/106.3.1\\lib/net452/RestSharp.dll",
        "C:\\Users\\desaf\\.nuget\\packages\\uipath.webapi.activities/1.4.5-beta.864518\\lib/net452/UiPath.Web.Activities.Design.dll",
        "C:\\Users\\desaf\\.nuget\\packages\\uipath.webapi.activities/1.4.5-beta.864518\\lib/net452/UiPath.Web.Activities.dll",
        "C:\\Users\\desaf\\.nuget\\packages\\uipath.webapi.activities/1.4.5-beta.864518\\lib/net452/UiPath.Web.dll"
      ],
      "Path": "C:\\Users\\desaf\\.nuget\\packages\\uipath.webapi.activities\\1.4.5-beta.864518"
    }
  ],
  "Conflicts": [],
  "ResolvedDependencies": {
    "Amazon.Extensions.Configuration.SystemsManager": {
      "Id": "Amazon.Extensions.Configuration.SystemsManager",
      "Version": "1.2.0",
      "Dependencies": [
        {
          "Item1": "AWSSDK.Extensions.NETCore.Setup",
          "Item2": "[3.3.100.1, )"
        },
        {
          "Item1": "AWSSDK.SimpleSystemsManagement",
          "Item2": "[3.3.100.8, )"
        },
        {
          "Item1": "Microsoft.Extensions.Configuration",
          "Item2": "[2.0.2, )"
        },
        {
          "Item1": "Newtonsoft.Json",
          "Item2": "[10.0.3, )"
        }
      ]
    },
    "AvalonEdit": {
      "Id": "AvalonEdit",
      "Version": "5.0.3",
      "Dependencies": []
    },
    "AWSSDK.Core": {
      "Id": "AWSSDK.Core",
      "Version": "3.3.104.1",
      "Dependencies": []
    },
    "AWSSDK.EC2": {
      "Id": "AWSSDK.EC2",
      "Version": "3.3.142.1",
      "Dependencies": [
        {
          "Item1": "AWSSDK.Core",
          "Item2": "[3.3.104.1, 3.4.0)"
        }
      ]
    },
    "AWSSDK.Extensions.NETCore.Setup": {
      "Id": "AWSSDK.Extensions.NETCore.Setup",
      "Version": "3.3.100.1",
      "Dependencies": [
        {
          "Item1": "AWSSDK.Core",
          "Item2": "[3.3.100, 3.4.0)"
        },
        {
          "Item1": "Microsoft.Extensions.Configuration.Abstractions",
          "Item2": "[2.0.0, )"
        },
        {
          "Item1": "Microsoft.Extensions.DependencyInjection.Abstractions",
          "Item2": "[2.0.0, )"
        },
        {
          "Item1": "Microsoft.Extensions.Logging.Abstractions",
          "Item2": "[2.0.0, )"
        }
      ]
    },
    "AWSSDK.S3": {
      "Id": "AWSSDK.S3",
      "Version": "3.3.109.1",
      "Dependencies": [
        {
          "Item1": "AWSSDK.Core",
          "Item2": "[3.3.104.1, 3.4.0)"
        }
      ]
    },
    "AWSSDK.SimpleSystemsManagement": {
      "Id": "AWSSDK.SimpleSystemsManagement",
      "Version": "3.3.100.8",
      "Dependencies": [
        {
          "Item1": "AWSSDK.Core",
          "Item2": "[3.3.100.7, 3.4.0)"
        }
      ]
    },
    "BouncyCastle": {
      "Id": "BouncyCastle",
      "Version": "1.8.5",
      "Dependencies": []
    },
    "ClosedXML": {
      "Id": "ClosedXML",
      "Version": "0.87.1",
      "Dependencies": [
        {
          "Item1": "DocumentFormat.OpenXml",
          "Item2": "[2.5.0, )"
        }
      ]
    },
    "CsvHelper": {
      "Id": "CsvHelper",
      "Version": "2.13.5",
      "Dependencies": []
    },
    "DocumentFormat.OpenXml": {
      "Id": "DocumentFormat.OpenXml",
      "Version": "2.5.0",
      "Dependencies": []
    },
    "Extended.Wpf.Toolkit": {
      "Id": "Extended.Wpf.Toolkit",
      "Version": "2.8.0",
      "Dependencies": []
    },
    "Humanizer.Core": {
      "Id": "Humanizer.Core",
      "Version": "2.4.2",
      "Dependencies": []
    },
    "interop.domino.dll": {
      "Id": "interop.domino.dll",
      "Version": "1.0.0",
      "Dependencies": []
    },
    "Microsoft.AspNet.SignalR.Client": {
      "Id": "Microsoft.AspNet.SignalR.Client",
      "Version": "2.4.0",
      "Dependencies": [
        {
          "Item1": "Newtonsoft.Json",
          "Item2": "[6.0.4, )"
        }
      ]
    },
    "Microsoft.Exchange.WebServices": {
      "Id": "Microsoft.Exchange.WebServices",
      "Version": "2.2.0",
      "Dependencies": []
    },
    "Microsoft.Extensions.Configuration": {
      "Id": "Microsoft.Extensions.Configuration",
      "Version": "2.0.2",
      "Dependencies": [
        {
          "Item1": "Microsoft.Extensions.Configuration.Abstractions",
          "Item2": "[2.0.2, )"
        }
      ]
    },
    "Microsoft.Extensions.Configuration.Abstractions": {
      "Id": "Microsoft.Extensions.Configuration.Abstractions",
      "Version": "2.0.2",
      "Dependencies": [
        {
          "Item1": "Microsoft.Extensions.Primitives",
          "Item2": "[2.0.0, )"
        }
      ]
    },
    "Microsoft.Extensions.DependencyInjection.Abstractions": {
      "Id": "Microsoft.Extensions.DependencyInjection.Abstractions",
      "Version": "2.0.0",
      "Dependencies": []
    },
    "Microsoft.Extensions.Logging.Abstractions": {
      "Id": "Microsoft.Extensions.Logging.Abstractions",
      "Version": "2.0.0",
      "Dependencies": []
    },
    "Microsoft.Extensions.Primitives": {
      "Id": "Microsoft.Extensions.Primitives",
      "Version": "2.0.0",
      "Dependencies": [
        {
          "Item1": "System.Runtime.CompilerServices.Unsafe",
          "Item2": "[4.4.0, )"
        }
      ]
    },
    "Microsoft.Rest.ClientRuntime": {
      "Id": "Microsoft.Rest.ClientRuntime",
      "Version": "2.3.20",
      "Dependencies": [
        {
          "Item1": "Newtonsoft.Json",
          "Item2": "[10.0.3, )"
        }
      ]
    },
    "Microsoft.VisualStudio.OLE.Interop": {
      "Id": "Microsoft.VisualStudio.OLE.Interop",
      "Version": "7.10.6071",
      "Dependencies": []
    },
    "Newtonsoft.Json": {
      "Id": "Newtonsoft.Json",
      "Version": "12.0.3",
      "Dependencies": []
    },
    "NPOI": {
      "Id": "NPOI",
      "Version": "2.4.1",
      "Dependencies": [
        {
          "Item1": "SharpZipLib",
          "Item2": "[1.0.0, )"
        }
      ]
    },
    "Polly": {
      "Id": "Polly",
      "Version": "7.2.0",
      "Dependencies": [
        {
          "Item1": "System.ValueTuple",
          "Item2": "[4.5.0, )"
        }
      ]
    },
    "Polly.Contrib.WaitAndRetry": {
      "Id": "Polly.Contrib.WaitAndRetry",
      "Version": "1.0.0",
      "Dependencies": []
    },
    "RestSharp": {
      "Id": "RestSharp",
      "Version": "106.3.1",
      "Dependencies": []
    },
    "SharpZipLib": {
      "Id": "SharpZipLib",
      "Version": "1.0.0",
      "Dependencies": []
    },
    "System.Runtime.CompilerServices.Unsafe": {
      "Id": "System.Runtime.CompilerServices.Unsafe",
      "Version": "4.4.0",
      "Dependencies": []
    },
    "System.ValueTuple": {
      "Id": "System.ValueTuple",
      "Version": "4.5.0",
      "Dependencies": []
    },
    "UiPath": {
      "Id": "UiPath",
      "Version": "19.10.7312.25504",
      "Dependencies": []
    },
    "UiPath.Activities.Api": {
      "Id": "UiPath.Activities.Api",
      "Version": "19.10.1",
      "Dependencies": []
    },
    "UiPath.AmazonWebServices.Activities": {
      "Id": "UiPath.AmazonWebServices.Activities",
      "Version": "1.0.0",
      "Dependencies": [
        {
          "Item1": "AWSSDK.Core",
          "Item2": "[3.3.104.1, )"
        },
        {
          "Item1": "AWSSDK.S3",
          "Item2": "[3.3.109.1, )"
        },
        {
          "Item1": "Amazon.Extensions.Configuration.SystemsManager",
          "Item2": "[1.2.0, )"
        },
        {
          "Item1": "AWSSDK.EC2",
          "Item2": "[3.3.142.1, )"
        },
        {
          "Item1": "Microsoft.Extensions.Configuration.Abstractions",
          "Item2": "[2.0.2, )"
        },
        {
          "Item1": "Microsoft.Extensions.DependencyInjection.Abstractions",
          "Item2": "[2.0.0, )"
        },
        {
          "Item1": "Microsoft.Extensions.Logging.Abstractions",
          "Item2": "[2.0.0, )"
        },
        {
          "Item1": "Polly",
          "Item2": "[7.2.0, )"
        },
        {
          "Item1": "Polly.Contrib.WaitAndRetry",
          "Item2": "[1.0.0, )"
        }
      ]
    },
    "UiPath.Excel.Activities": {
      "Id": "UiPath.Excel.Activities",
      "Version": "2.7.2",
      "Dependencies": [
        {
          "Item1": "ClosedXML",
          "Item2": "[0.87.1, )"
        },
        {
          "Item1": "CsvHelper",
          "Item2": "[2.13.5, )"
        },
        {
          "Item1": "DocumentFormat.OpenXml",
          "Item2": "[2.5.0, )"
        },
        {
          "Item1": "Microsoft.VisualStudio.OLE.Interop",
          "Item2": "[7.10.6071, )"
        },
        {
          "Item1": "NPOI",
          "Item2": "[2.4.1, )"
        },
        {
          "Item1": "SharpZipLib",
          "Item2": "[1.0.0, )"
        }
      ]
    },
    "UiPath.Mail.Activities": {
      "Id": "UiPath.Mail.Activities",
      "Version": "1.7.2",
      "Dependencies": [
        {
          "Item1": "System.ValueTuple",
          "Item2": "[4.5.0, )"
        },
        {
          "Item1": "Microsoft.Exchange.WebServices",
          "Item2": "[2.2.0, )"
        },
        {
          "Item1": "BouncyCastle",
          "Item2": "[1.8.5, )"
        },
        {
          "Item1": "interop.domino.dll",
          "Item2": "[1.0.0, )"
        }
      ]
    },
    "UiPath.OCR.Contracts": {
      "Id": "UiPath.OCR.Contracts",
      "Version": "2.2.1",
      "Dependencies": []
    },
    "UiPath.System.Activities": {
      "Id": "UiPath.System.Activities",
      "Version": "19.10.1",
      "Dependencies": [
        {
          "Item1": "CsvHelper",
          "Item2": "[2.13.5, )"
        },
        {
          "Item1": "Microsoft.AspNet.SignalR.Client",
          "Item2": "[2.4.0, )"
        },
        {
          "Item1": "Microsoft.Rest.ClientRuntime",
          "Item2": "[2.3.20, )"
        },
        {
          "Item1": "Newtonsoft.Json",
          "Item2": "[11.0.2, )"
        }
      ]
    },
    "UiPath.UIAutomation.Activities": {
      "Id": "UiPath.UIAutomation.Activities",
      "Version": "19.11.1",
      "Dependencies": [
        {
          "Item1": "UiPath",
          "Item2": "[19.10.7312.25504, )"
        },
        {
          "Item1": "UiPath.Vision",
          "Item2": "[2.0.0, )"
        },
        {
          "Item1": "UiPath.OCR.Contracts",
          "Item2": "[2.2.1, )"
        },
        {
          "Item1": "AvalonEdit",
          "Item2": "[5.0.3, )"
        },
        {
          "Item1": "Extended.Wpf.Toolkit",
          "Item2": "[2.8.0, )"
        },
        {
          "Item1": "Humanizer.Core",
          "Item2": "[2.4.2, )"
        },
        {
          "Item1": "Newtonsoft.Json",
          "Item2": "[11.0.2, )"
        }
      ]
    },
    "UiPath.Vision": {
      "Id": "UiPath.Vision",
      "Version": "2.0.0",
      "Dependencies": [
        {
          "Item1": "UiPath.OCR.Contracts",
          "Item2": "[2.2.1, )"
        }
      ]
    },
    "UiPath.WebAPI.Activities": {
      "Id": "UiPath.WebAPI.Activities",
      "Version": "1.4.5-beta.864518",
      "Dependencies": [
        {
          "Item1": "AvalonEdit",
          "Item2": "[5.0.3, )"
        },
        {
          "Item1": "Newtonsoft.Json",
          "Item2": "[12.0.3, )"
        },
        {
          "Item1": "RestSharp",
          "Item2": "[106.3.1, )"
        }
      ]
    }
  },
  "AllPackages": [
    {
      "Package": {
        "Id": "Amazon.Extensions.Configuration.SystemsManager",
        "Version": "1.2.0"
      },
      "Assemblies": [
        "C:\\Users\\desaf\\.nuget\\packages\\amazon.extensions.configuration.systemsmanager\\1.2.0\\lib\\netstandard2.0\\Amazon.Extensions.Configuration.SystemsManager.dll"
      ],
      "Path": "C:\\Users\\desaf\\.nuget\\packages\\amazon.extensions.configuration.systemsmanager\\1.2.0"
    },
    {
      "Package": {
        "Id": "AvalonEdit",
        "Version": "5.0.3"
      },
      "Assemblies": [
        "C:\\Users\\desaf\\.nuget\\packages\\avalonedit\\5.0.3\\lib\\Net40\\ICSharpCode.AvalonEdit.dll"
      ],
      "Path": "C:\\Users\\desaf\\.nuget\\packages\\avalonedit\\5.0.3"
    },
    {
      "Package": {
        "Id": "AWSSDK.Core",
        "Version": "3.3.104.1"
      },
      "Assemblies": [
        "C:\\Users\\desaf\\.nuget\\packages\\awssdk.core\\3.3.104.1\\lib\\net45\\AWSSDK.Core.dll"
      ],
      "Path": "C:\\Users\\desaf\\.nuget\\packages\\awssdk.core\\3.3.104.1"
    },
    {
      "Package": {
        "Id": "AWSSDK.EC2",
        "Version": "3.3.142.1"
      },
      "Assemblies": [
        "C:\\Users\\desaf\\.nuget\\packages\\awssdk.ec2\\3.3.142.1\\lib\\net45\\AWSSDK.EC2.dll"
      ],
      "Path": "C:\\Users\\desaf\\.nuget\\packages\\awssdk.ec2\\3.3.142.1"
    },
    {
      "Package": {
        "Id": "AWSSDK.Extensions.NETCore.Setup",
        "Version": "3.3.100.1"
      },
      "Assemblies": [
        "C:\\Users\\desaf\\.nuget\\packages\\awssdk.extensions.netcore.setup\\3.3.100.1\\lib\\netstandard2.0\\AWSSDK.Extensions.NETCore.Setup.dll"
      ],
      "Path": "C:\\Users\\desaf\\.nuget\\packages\\awssdk.extensions.netcore.setup\\3.3.100.1"
    },
    {
      "Package": {
        "Id": "AWSSDK.S3",
        "Version": "3.3.109.1"
      },
      "Assemblies": [
        "C:\\Users\\desaf\\.nuget\\packages\\awssdk.s3\\3.3.109.1\\lib\\net45\\AWSSDK.S3.dll"
      ],
      "Path": "C:\\Users\\desaf\\.nuget\\packages\\awssdk.s3\\3.3.109.1"
    },
    {
      "Package": {
        "Id": "AWSSDK.SimpleSystemsManagement",
        "Version": "3.3.100.8"
      },
      "Assemblies": [
        "C:\\Users\\desaf\\.nuget\\packages\\awssdk.simplesystemsmanagement\\3.3.100.8\\lib\\net45\\AWSSDK.SimpleSystemsManagement.dll"
      ],
      "Path": "C:\\Users\\desaf\\.nuget\\packages\\awssdk.simplesystemsmanagement\\3.3.100.8"
    },
    {
      "Package": {
        "Id": "BouncyCastle",
        "Version": "1.8.5"
      },
      "Assemblies": [
        "C:\\Users\\desaf\\.nuget\\packages\\bouncycastle\\1.8.5\\lib\\BouncyCastle.Crypto.dll"
      ],
      "Path": "C:\\Users\\desaf\\.nuget\\packages\\bouncycastle\\1.8.5"
    },
    {
      "Package": {
        "Id": "ClosedXML",
        "Version": "0.87.1"
      },
      "Assemblies": [
        "C:\\Users\\desaf\\.nuget\\packages\\closedxml\\0.87.1\\lib\\net40\\ClosedXML.dll"
      ],
      "Path": "C:\\Users\\desaf\\.nuget\\packages\\closedxml\\0.87.1"
    },
    {
      "Package": {
        "Id": "CsvHelper",
        "Version": "2.13.5"
      },
      "Assemblies": [
        "C:\\Users\\desaf\\.nuget\\packages\\csvhelper\\2.13.5\\lib\\net40-client\\CsvHelper.dll"
      ],
      "Path": "C:\\Users\\desaf\\.nuget\\packages\\csvhelper\\2.13.5"
    },
    {
      "Package": {
        "Id": "DocumentFormat.OpenXml",
        "Version": "2.5.0"
      },
      "Assemblies": [
        "C:\\Users\\desaf\\.nuget\\packages\\documentformat.openxml\\2.5.0\\lib\\DocumentFormat.OpenXml.dll"
      ],
      "Path": "C:\\Users\\desaf\\.nuget\\packages\\documentformat.openxml\\2.5.0"
    },
    {
      "Package": {
        "Id": "Extended.Wpf.Toolkit",
        "Version": "2.8.0"
      },
      "Assemblies": [
        "C:\\Users\\desaf\\.nuget\\packages\\extended.wpf.toolkit\\2.8.0\\lib\\net40\\Xceed.Wpf.AvalonDock.dll",
        "C:\\Users\\desaf\\.nuget\\packages\\extended.wpf.toolkit\\2.8.0\\lib\\net40\\Xceed.Wpf.AvalonDock.Themes.Aero.dll",
        "C:\\Users\\desaf\\.nuget\\packages\\extended.wpf.toolkit\\2.8.0\\lib\\net40\\Xceed.Wpf.AvalonDock.Themes.Metro.dll",
        "C:\\Users\\desaf\\.nuget\\packages\\extended.wpf.toolkit\\2.8.0\\lib\\net40\\Xceed.Wpf.AvalonDock.Themes.VS2010.dll",
        "C:\\Users\\desaf\\.nuget\\packages\\extended.wpf.toolkit\\2.8.0\\lib\\net40\\Xceed.Wpf.DataGrid.dll",
        "C:\\Users\\desaf\\.nuget\\packages\\extended.wpf.toolkit\\2.8.0\\lib\\net40\\Xceed.Wpf.Toolkit.dll"
      ],
      "Path": "C:\\Users\\desaf\\.nuget\\packages\\extended.wpf.toolkit\\2.8.0"
    },
    {
      "Package": {
        "Id": "Humanizer.Core",
        "Version": "2.4.2"
      },
      "Assemblies": [
        "C:\\Users\\desaf\\.nuget\\packages\\humanizer.core\\2.4.2\\lib\\netstandard2.0\\Humanizer.dll"
      ],
      "Path": "C:\\Users\\desaf\\.nuget\\packages\\humanizer.core\\2.4.2"
    },
    {
      "Package": {
        "Id": "interop.domino.dll",
        "Version": "1.0.0"
      },
      "Assemblies": [
        "C:\\Users\\desaf\\.nuget\\packages\\interop.domino.dll\\1.0.0\\lib\\Interop.Domino.dll"
      ],
      "Path": "C:\\Users\\desaf\\.nuget\\packages\\interop.domino.dll\\1.0.0"
    },
    {
      "Package": {
        "Id": "Microsoft.AspNet.SignalR.Client",
        "Version": "2.4.0"
      },
      "Assemblies": [
        "C:\\Users\\desaf\\.nuget\\packages\\microsoft.aspnet.signalr.client\\2.4.0\\lib\\net45\\Microsoft.AspNet.SignalR.Client.dll"
      ],
      "Path": "C:\\Users\\desaf\\.nuget\\packages\\microsoft.aspnet.signalr.client\\2.4.0"
    },
    {
      "Package": {
        "Id": "Microsoft.Exchange.WebServices",
        "Version": "2.2.0"
      },
      "Assemblies": [
        "C:\\Users\\desaf\\.nuget\\packages\\microsoft.exchange.webservices\\2.2.0\\lib\\40\\Microsoft.Exchange.WebServices.Auth.dll",
        "C:\\Users\\desaf\\.nuget\\packages\\microsoft.exchange.webservices\\2.2.0\\lib\\40\\Microsoft.Exchange.WebServices.dll"
      ],
      "Path": "C:\\Users\\desaf\\.nuget\\packages\\microsoft.exchange.webservices\\2.2.0"
    },
    {
      "Package": {
        "Id": "Microsoft.Extensions.Configuration",
        "Version": "2.0.2"
      },
      "Assemblies": [
        "C:\\Users\\desaf\\.nuget\\packages\\microsoft.extensions.configuration\\2.0.2\\lib\\netstandard2.0\\Microsoft.Extensions.Configuration.dll"
      ],
      "Path": "C:\\Users\\desaf\\.nuget\\packages\\microsoft.extensions.configuration\\2.0.2"
    },
    {
      "Package": {
        "Id": "Microsoft.Extensions.Configuration.Abstractions",
        "Version": "2.0.2"
      },
      "Assemblies": [
        "C:\\Users\\desaf\\.nuget\\packages\\microsoft.extensions.configuration.abstractions\\2.0.2\\lib\\netstandard2.0\\Microsoft.Extensions.Configuration.Abstractions.dll"
      ],
      "Path": "C:\\Users\\desaf\\.nuget\\packages\\microsoft.extensions.configuration.abstractions\\2.0.2"
    },
    {
      "Package": {
        "Id": "Microsoft.Extensions.DependencyInjection.Abstractions",
        "Version": "2.0.0"
      },
      "Assemblies": [
        "C:\\Users\\desaf\\.nuget\\packages\\microsoft.extensions.dependencyinjection.abstractions\\2.0.0\\lib\\netstandard2.0\\Microsoft.Extensions.DependencyInjection.Abstractions.dll"
      ],
      "Path": "C:\\Users\\desaf\\.nuget\\packages\\microsoft.extensions.dependencyinjection.abstractions\\2.0.0"
    },
    {
      "Package": {
        "Id": "Microsoft.Extensions.Logging.Abstractions",
        "Version": "2.0.0"
      },
      "Assemblies": [
        "C:\\Users\\desaf\\.nuget\\packages\\microsoft.extensions.logging.abstractions\\2.0.0\\lib\\netstandard2.0\\Microsoft.Extensions.Logging.Abstractions.dll"
      ],
      "Path": "C:\\Users\\desaf\\.nuget\\packages\\microsoft.extensions.logging.abstractions\\2.0.0"
    },
    {
      "Package": {
        "Id": "Microsoft.Extensions.Primitives",
        "Version": "2.0.0"
      },
      "Assemblies": [
        "C:\\Users\\desaf\\.nuget\\packages\\microsoft.extensions.primitives\\2.0.0\\lib\\netstandard2.0\\Microsoft.Extensions.Primitives.dll"
      ],
      "Path": "C:\\Users\\desaf\\.nuget\\packages\\microsoft.extensions.primitives\\2.0.0"
    },
    {
      "Package": {
        "Id": "Microsoft.Rest.ClientRuntime",
        "Version": "2.3.20"
      },
      "Assemblies": [
        "C:\\Users\\desaf\\.nuget\\packages\\microsoft.rest.clientruntime\\2.3.20\\lib\\net461\\Microsoft.Rest.ClientRuntime.dll"
      ],
      "Path": "C:\\Users\\desaf\\.nuget\\packages\\microsoft.rest.clientruntime\\2.3.20"
    },
    {
      "Package": {
        "Id": "Microsoft.VisualStudio.OLE.Interop",
        "Version": "7.10.6071"
      },
      "Assemblies": [
        "C:\\Users\\desaf\\.nuget\\packages\\microsoft.visualstudio.ole.interop\\7.10.6071\\lib\\Microsoft.VisualStudio.OLE.Interop.dll"
      ],
      "Path": "C:\\Users\\desaf\\.nuget\\packages\\microsoft.visualstudio.ole.interop\\7.10.6071"
    },
    {
      "Package": {
        "Id": "Newtonsoft.Json",
        "Version": "12.0.3"
      },
      "Assemblies": [
        "C:\\Users\\desaf\\.nuget\\packages\\newtonsoft.json\\12.0.3\\lib\\net45\\Newtonsoft.Json.dll"
      ],
      "Path": "C:\\Users\\desaf\\.nuget\\packages\\newtonsoft.json\\12.0.3"
    },
    {
      "Package": {
        "Id": "NPOI",
        "Version": "2.4.1"
      },
      "Assemblies": [
        "C:\\Users\\desaf\\.nuget\\packages\\npoi\\2.4.1\\lib\\net45\\NPOI.dll",
        "C:\\Users\\desaf\\.nuget\\packages\\npoi\\2.4.1\\lib\\net45\\NPOI.OOXML.dll",
        "C:\\Users\\desaf\\.nuget\\packages\\npoi\\2.4.1\\lib\\net45\\NPOI.OpenXml4Net.dll",
        "C:\\Users\\desaf\\.nuget\\packages\\npoi\\2.4.1\\lib\\net45\\NPOI.OpenXmlFormats.dll"
      ],
      "Path": "C:\\Users\\desaf\\.nuget\\packages\\npoi\\2.4.1"
    },
    {
      "Package": {
        "Id": "Polly",
        "Version": "7.2.0"
      },
      "Assemblies": [
        "C:\\Users\\desaf\\.nuget\\packages\\polly\\7.2.0\\lib\\net461\\Polly.dll"
      ],
      "Path": "C:\\Users\\desaf\\.nuget\\packages\\polly\\7.2.0"
    },
    {
      "Package": {
        "Id": "Polly.Contrib.WaitAndRetry",
        "Version": "1.0.0"
      },
      "Assemblies": [
        "C:\\Users\\desaf\\.nuget\\packages\\polly.contrib.waitandretry\\1.0.0\\lib\\netstandard2.0\\Polly.Contrib.WaitAndRetry.dll"
      ],
      "Path": "C:\\Users\\desaf\\.nuget\\packages\\polly.contrib.waitandretry\\1.0.0"
    },
    {
      "Package": {
        "Id": "RestSharp",
        "Version": "106.3.1"
      },
      "Assemblies": [
        "C:\\Users\\desaf\\.nuget\\packages\\restsharp\\106.3.1\\lib\\net452\\RestSharp.dll"
      ],
      "Path": "C:\\Users\\desaf\\.nuget\\packages\\restsharp\\106.3.1"
    },
    {
      "Package": {
        "Id": "SharpZipLib",
        "Version": "1.0.0"
      },
      "Assemblies": [
        "C:\\Users\\desaf\\.nuget\\packages\\sharpziplib\\1.0.0\\lib\\net45\\ICSharpCode.SharpZipLib.dll"
      ],
      "Path": "C:\\Users\\desaf\\.nuget\\packages\\sharpziplib\\1.0.0"
    },
    {
      "Package": {
        "Id": "System.Runtime.CompilerServices.Unsafe",
        "Version": "4.4.0"
      },
      "Assemblies": [
        "C:\\Users\\desaf\\.nuget\\packages\\system.runtime.compilerservices.unsafe\\4.4.0\\lib\\netstandard2.0\\System.Runtime.CompilerServices.Unsafe.dll"
      ],
      "Path": "C:\\Users\\desaf\\.nuget\\packages\\system.runtime.compilerservices.unsafe\\4.4.0"
    },
    {
      "Package": {
        "Id": "System.ValueTuple",
        "Version": "4.5.0"
      },
      "Assemblies": [
        "C:\\Users\\desaf\\.nuget\\packages\\system.valuetuple\\4.5.0\\lib\\net461\\System.ValueTuple.dll"
      ],
      "Path": "C:\\Users\\desaf\\.nuget\\packages\\system.valuetuple\\4.5.0"
    },
    {
      "Package": {
        "Id": "UiPath",
        "Version": "19.10.7312.25504"
      },
      "Assemblies": [
        "C:\\Users\\desaf\\.nuget\\packages\\uipath\\19.10.7312.25504\\lib\\UiPath.Interop.dll"
      ],
      "Path": "C:\\Users\\desaf\\.nuget\\packages\\uipath\\19.10.7312.25504"
    },
    {
      "Package": {
        "Id": "UiPath.Activities.Api",
        "Version": "19.10.1"
      },
      "Assemblies": [
        "C:\\Users\\desaf\\.nuget\\packages\\uipath.activities.api\\19.10.1\\lib\\net452\\UiPath.Activities.Api.Base.dll",
        "C:\\Users\\desaf\\.nuget\\packages\\uipath.activities.api\\19.10.1\\lib\\net452\\UiPath.Api.Base.dll",
        "C:\\Users\\desaf\\.nuget\\packages\\uipath.activities.api\\19.10.1\\lib\\net452\\UiPath.Robot.Activities.Api.dll",
        "C:\\Users\\desaf\\.nuget\\packages\\uipath.activities.api\\19.10.1\\lib\\net452\\UiPath.Studio.Activities.Api.dll",
        "C:\\Users\\desaf\\.nuget\\packages\\uipath.activities.api\\19.10.1\\lib\\net452\\UiPath.Studio.Api.Base.dll"
      ],
      "Path": "C:\\Users\\desaf\\.nuget\\packages\\uipath.activities.api\\19.10.1"
    },
    {
      "Package": {
        "Id": "UiPath.AmazonWebServices.Activities",
        "Version": "1.0.0"
      },
      "Assemblies": [
        "C:\\Users\\desaf\\.nuget\\packages\\uipath.amazonwebservices.activities\\1.0.0\\lib\\net461\\UiPath.AmazonWebServices.Activities.Design.dll",
        "C:\\Users\\desaf\\.nuget\\packages\\uipath.amazonwebservices.activities\\1.0.0\\lib\\net461\\UiPath.AmazonWebServices.Activities.dll",
        "C:\\Users\\desaf\\.nuget\\packages\\uipath.amazonwebservices.activities\\1.0.0\\lib\\net461\\UiPath.AmazonWebServices.dll"
      ],
      "Path": "C:\\Users\\desaf\\.nuget\\packages\\uipath.amazonwebservices.activities\\1.0.0"
    },
    {
      "Package": {
        "Id": "UiPath.Excel.Activities",
        "Version": "2.7.2"
      },
      "Assemblies": [
        "C:\\Users\\desaf\\.nuget\\packages\\uipath.excel.activities\\2.7.2\\lib\\net461\\UiPath.Excel.Activities.Design.dll",
        "C:\\Users\\desaf\\.nuget\\packages\\uipath.excel.activities\\2.7.2\\lib\\net461\\UiPath.Excel.Activities.dll",
        "C:\\Users\\desaf\\.nuget\\packages\\uipath.excel.activities\\2.7.2\\lib\\net461\\UiPath.Excel.dll"
      ],
      "Path": "C:\\Users\\desaf\\.nuget\\packages\\uipath.excel.activities\\2.7.2"
    },
    {
      "Package": {
        "Id": "UiPath.Mail.Activities",
        "Version": "1.7.2"
      },
      "Assemblies": [
        "C:\\Users\\desaf\\.nuget\\packages\\uipath.mail.activities\\1.7.2\\lib\\net461\\MailKit.dll",
        "C:\\Users\\desaf\\.nuget\\packages\\uipath.mail.activities\\1.7.2\\lib\\net461\\MimeKit.dll",
        "C:\\Users\\desaf\\.nuget\\packages\\uipath.mail.activities\\1.7.2\\lib\\net461\\UiPath.Mail.Activities.Design.dll",
        "C:\\Users\\desaf\\.nuget\\packages\\uipath.mail.activities\\1.7.2\\lib\\net461\\UiPath.Mail.Activities.dll",
        "C:\\Users\\desaf\\.nuget\\packages\\uipath.mail.activities\\1.7.2\\lib\\net461\\UiPath.Mail.dll"
      ],
      "Path": "C:\\Users\\desaf\\.nuget\\packages\\uipath.mail.activities\\1.7.2"
    },
    {
      "Package": {
        "Id": "UiPath.OCR.Contracts",
        "Version": "2.2.1"
      },
      "Assemblies": [
        "C:\\Users\\desaf\\.nuget\\packages\\uipath.ocr.contracts\\2.2.1\\lib\\net45\\UiPath.OCR.Contracts.dll"
      ],
      "Path": "C:\\Users\\desaf\\.nuget\\packages\\uipath.ocr.contracts\\2.2.1"
    },
    {
      "Package": {
        "Id": "UiPath.System.Activities",
        "Version": "19.10.1"
      },
      "Assemblies": [
        "C:\\Users\\desaf\\.nuget\\packages\\uipath.system.activities\\19.10.1\\lib\\net461\\ActiproSoftware.Docking.Wpf.dll",
        "C:\\Users\\desaf\\.nuget\\packages\\uipath.system.activities\\19.10.1\\lib\\net461\\ActiproSoftware.Ribbon.Wpf.dll",
        "C:\\Users\\desaf\\.nuget\\packages\\uipath.system.activities\\19.10.1\\lib\\net461\\ActiproSoftware.Shared.Wpf.dll",
        "C:\\Users\\desaf\\.nuget\\packages\\uipath.system.activities\\19.10.1\\lib\\net461\\ActiproSoftware.SyntaxEditor.Addons.DotNet.Wpf.dll",
        "C:\\Users\\desaf\\.nuget\\packages\\uipath.system.activities\\19.10.1\\lib\\net461\\ActiproSoftware.SyntaxEditor.Wpf.dll",
        "C:\\Users\\desaf\\.nuget\\packages\\uipath.system.activities\\19.10.1\\lib\\net461\\ActiproSoftware.Text.Addons.DotNet.Wpf.dll",
        "C:\\Users\\desaf\\.nuget\\packages\\uipath.system.activities\\19.10.1\\lib\\net461\\ActiproSoftware.Text.LLParser.Wpf.dll",
        "C:\\Users\\desaf\\.nuget\\packages\\uipath.system.activities\\19.10.1\\lib\\net461\\ActiproSoftware.Text.Wpf.dll",
        "C:\\Users\\desaf\\.nuget\\packages\\uipath.system.activities\\19.10.1\\lib\\net461\\ActiproSoftware.Wizard.Wpf.dll",
        "C:\\Users\\desaf\\.nuget\\packages\\uipath.system.activities\\19.10.1\\lib\\net461\\CustomInputForm.exe",
        "C:\\Users\\desaf\\.nuget\\packages\\uipath.system.activities\\19.10.1\\lib\\net461\\UiPath.OrchestratorClient.dll",
        "C:\\Users\\desaf\\.nuget\\packages\\uipath.system.activities\\19.10.1\\lib\\net461\\UiPath.System.Activities.Design.dll",
        "C:\\Users\\desaf\\.nuget\\packages\\uipath.system.activities\\19.10.1\\lib\\net461\\UiPath.System.Activities.dll"
      ],
      "Path": "C:\\Users\\desaf\\.nuget\\packages\\uipath.system.activities\\19.10.1"
    },
    {
      "Package": {
        "Id": "UiPath.UIAutomation.Activities",
        "Version": "19.11.1"
      },
      "Assemblies": [
        "C:\\Users\\desaf\\.nuget\\packages\\uipath.uiautomation.activities\\19.11.1\\lib\\net461\\ActiproSoftware.DataGrid.Contrib.Wpf.dll",
        "C:\\Users\\desaf\\.nuget\\packages\\uipath.uiautomation.activities\\19.11.1\\lib\\net461\\ActiproSoftware.Docking.Wpf.dll",
        "C:\\Users\\desaf\\.nuget\\packages\\uipath.uiautomation.activities\\19.11.1\\lib\\net461\\ActiproSoftware.Editors.Wpf.dll",
        "C:\\Users\\desaf\\.nuget\\packages\\uipath.uiautomation.activities\\19.11.1\\lib\\net461\\ActiproSoftware.Ribbon.Wpf.dll",
        "C:\\Users\\desaf\\.nuget\\packages\\uipath.uiautomation.activities\\19.11.1\\lib\\net461\\ActiproSoftware.Shared.Wpf.dll",
        "C:\\Users\\desaf\\.nuget\\packages\\uipath.uiautomation.activities\\19.11.1\\lib\\net461\\ActiproSoftware.SyntaxEditor.Addons.DotNet.Wpf.dll",
        "C:\\Users\\desaf\\.nuget\\packages\\uipath.uiautomation.activities\\19.11.1\\lib\\net461\\ActiproSoftware.SyntaxEditor.Wpf.dll",
        "C:\\Users\\desaf\\.nuget\\packages\\uipath.uiautomation.activities\\19.11.1\\lib\\net461\\ActiproSoftware.Text.Addons.DotNet.Wpf.dll",
        "C:\\Users\\desaf\\.nuget\\packages\\uipath.uiautomation.activities\\19.11.1\\lib\\net461\\ActiproSoftware.Text.LLParser.Wpf.dll",
        "C:\\Users\\desaf\\.nuget\\packages\\uipath.uiautomation.activities\\19.11.1\\lib\\net461\\ActiproSoftware.Text.Wpf.dll",
        "C:\\Users\\desaf\\.nuget\\packages\\uipath.uiautomation.activities\\19.11.1\\lib\\net461\\ActiproSoftware.Wizard.Wpf.dll",
        "C:\\Users\\desaf\\.nuget\\packages\\uipath.uiautomation.activities\\19.11.1\\lib\\net461\\UiPath.CV.Activities.Design.dll",
        "C:\\Users\\desaf\\.nuget\\packages\\uipath.uiautomation.activities\\19.11.1\\lib\\net461\\UiPath.CV.Activities.dll",
        "C:\\Users\\desaf\\.nuget\\packages\\uipath.uiautomation.activities\\19.11.1\\lib\\net461\\UiPath.CV.dll",
        "C:\\Users\\desaf\\.nuget\\packages\\uipath.uiautomation.activities\\19.11.1\\lib\\net461\\UiPath.UIAutomation.Activities.Design.dll",
        "C:\\Users\\desaf\\.nuget\\packages\\uipath.uiautomation.activities\\19.11.1\\lib\\net461\\UiPath.UiAutomation.Activities.dll",
        "C:\\Users\\desaf\\.nuget\\packages\\uipath.uiautomation.activities\\19.11.1\\lib\\net461\\UiPath.Wizards.dll"
      ],
      "Path": "C:\\Users\\desaf\\.nuget\\packages\\uipath.uiautomation.activities\\19.11.1"
    },
    {
      "Package": {
        "Id": "UiPath.Vision",
        "Version": "2.0.0"
      },
      "Assemblies": [
        "C:\\Users\\desaf\\.nuget\\packages\\uipath.vision\\2.0.0\\lib\\net452\\UiPath.Vision.Core.dll",
        "C:\\Users\\desaf\\.nuget\\packages\\uipath.vision\\2.0.0\\lib\\net452\\UiPath.Vision.dll"
      ],
      "Path": "C:\\Users\\desaf\\.nuget\\packages\\uipath.vision\\2.0.0"
    },
    {
      "Package": {
        "Id": "UiPath.WebAPI.Activities",
        "Version": "1.4.5-beta.864518"
      },
      "Assemblies": [
        "C:\\Users\\desaf\\.nuget\\packages\\uipath.webapi.activities\\1.4.5-beta.864518\\lib\\net452\\UiPath.Web.Activities.Design.dll",
        "C:\\Users\\desaf\\.nuget\\packages\\uipath.webapi.activities\\1.4.5-beta.864518\\lib\\net452\\UiPath.Web.Activities.dll",
        "C:\\Users\\desaf\\.nuget\\packages\\uipath.webapi.activities\\1.4.5-beta.864518\\lib\\net452\\UiPath.Web.dll"
      ],
      "Path": "C:\\Users\\desaf\\.nuget\\packages\\uipath.webapi.activities\\1.4.5-beta.864518"
    }
  ]
}