{"ProjectWatches":"{\"Value\":[{\"Id\":\"e7d40e8b-7e72-474d-9493-d07f8e40e9bd\",\"Expression\":\"in_Row\"},{\"Id\":\"e4298562-db68-44aa-9579-3b2aaa1f6ac2\",\"Expression\":\"(DateTime.ParseExact(in_Row.Item(4).ToString, \\\"dd/MM/yyyy\\\",System.Globalization.CultureInfo.InvariantCulture)).ToString\"},{\"Id\":\"17dd040e-4f3a-4286-8970-6b62b482f1c1\",\"Expression\":\"in_Row.item(3)\"}]}","OpenedDocuments":"[\"DesafiosRPA/DesafiosRPA_Close.xaml\",\"DesafiosRPA/DesafiosRPA_Percorre_Dados.xaml\",\"Main.xaml\",\"DesafiosRPA/DesafiosRPA_Entrada_Dados.xaml\"]","ProjectBreakpoints":"{\"Value\":{}}"}